City_ID,City,Country,Date,Lat,Lng,Max Temp,Humidity,Cloudiness,Wind Speed
0,Leningradskiy,RU,2021-05-26 02:30:08,69.3833,178.4167,37.24,83,30,9.69
1,Albany,US,2021-05-26 02:27:48,42.6001,-73.9662,73.72,69,100,1.01
2,Asau,RO,2021-05-26 02:30:09,46.4333,26.4,60.4,99,23,3.51
3,Baley,RU,2021-05-26 02:30:09,51.6,116.6333,52.21,43,40,5.59
4,Rikitea,PF,2021-05-26 02:30:09,-23.1203,-134.9692,77.79,80,50,15.75
5,Krasnoslobodsk,RU,2021-05-26 02:30:10,48.7072,44.5714,58.82,77,0,14.81
6,Atar,MR,2021-05-26 02:30:10,20.5169,-13.0499,81.34,21,7,8.93
7,Hilo,US,2021-05-26 02:29:07,19.7297,-155.09,79.79,79,90,10.36
8,Ayan,RU,2021-05-26 02:30:11,56.45,138.1667,42.57,59,100,7.81
9,Avarua,CK,2021-05-26 02:30:11,-21.2078,-159.775,82.45,78,40,6.91
10,Stranda,NO,2021-05-26 02:30:11,62.3096,6.9358,53.6,79,100,1.01
11,Hamilton,US,2021-05-26 02:30:04,39.1834,-84.5333,76.84,71,20,3.67
12,Qaanaaq,GL,2021-05-26 02:30:12,77.484,-69.3632,28.65,71,10,7.54
13,Tiksi,RU,2021-05-26 02:30:12,71.6872,128.8694,36.28,87,8,2.46
14,Poum,NC,2021-05-26 02:30:12,-20.2333,164.0167,73.8,55,24,15.99
15,Torbay,CA,2021-05-26 02:30:13,47.6666,-52.7314,44.67,89,90,20.71
16,Mataura,NZ,2021-05-26 02:30:13,-46.1927,168.8643,49.48,57,89,1.12
17,Butaritari,KI,2021-05-26 02:30:13,3.0707,172.7902,82.15,77,100,17.22
18,Ozernovskiy,RU,2021-05-26 02:30:14,51.5,156.5167,41.97,77,100,3.8
19,Gladstone,AU,2021-05-26 02:30:14,-23.85,151.25,76.93,38,6,8.05
20,Dingle,PH,2021-05-26 02:30:15,10.9995,122.6711,87.42,63,100,4.81
21,San Cristobal,VE,2021-05-26 02:30:15,7.7669,-72.225,75.38,98,95,5.19
22,Tual,ID,2021-05-26 02:30:15,-5.6667,132.75,82.24,77,94,22.03
23,Robertsport,LR,2021-05-26 02:30:16,6.7533,-11.3686,81.05,84,76,6.44
24,Vaini,TO,2021-05-26 02:30:16,-21.2,-175.2,73.56,88,90,10.36
25,Aklavik,CA,2021-05-26 02:30:16,68.2191,-135.0107,41.83,69,100,4.74
26,Kapaa,US,2021-05-26 02:30:18,22.0752,-159.319,84.18,68,75,1.01
27,Laguna,US,2021-05-26 02:30:18,38.421,-121.4238,83.44,39,1,5.01
28,Port Elizabeth,ZA,2021-05-26 02:30:18,-33.918,25.5701,59.29,88,0,10.36
29,Tasiilaq,GL,2021-05-26 02:30:19,65.6145,-37.6368,37.56,91,100,39.64
30,Ronne,DK,2021-05-26 02:30:19,55.1009,14.7066,48.11,93,75,9.22
31,Sechura,PE,2021-05-26 02:30:19,-5.5569,-80.8222,71.83,77,80,11.61
32,Pedernales,DO,2021-05-26 02:30:20,18.0384,-71.744,80.46,76,12,5.44
33,Puerto Ayora,EC,2021-05-26 02:30:20,-0.7393,-90.3518,74.55,91,16,5.01
34,Three Hills,CA,2021-05-26 02:30:01,51.7001,-113.2686,50.49,62,100,10.36
35,Ushuaia,AR,2021-05-26 02:30:21,-54.8,-68.3,31.66,86,75,16.11
36,Redmond,US,2021-05-26 02:28:45,47.674,-122.1215,63.05,68,54,1.99
37,Clyde River,CA,2021-05-26 02:30:21,70.4692,-68.5914,25.03,93,99,24.16
38,Busselton,AU,2021-05-26 02:30:21,-33.65,115.3333,59.04,61,93,14.27
39,Mingguang,CN,2021-05-26 02:30:22,32.7802,117.9638,65.61,91,100,9.78
40,Punta Arenas,CL,2021-05-26 02:30:22,-53.15,-70.9167,33.91,80,20,11.34
41,Ponta Do Sol,PT,2021-05-26 02:30:23,32.6667,-17.1,65.03,66,100,5.91
42,Srednekolymsk,RU,2021-05-26 02:30:23,67.45,153.6833,56.61,43,82,20.89
43,Atuona,PF,2021-05-26 02:30:23,-9.8,-139.0333,79.77,64,45,13.15
44,Havoysund,NO,2021-05-26 02:30:24,70.9963,24.6622,37.47,71,88,4.43
45,Dikson,RU,2021-05-26 02:30:24,73.5069,80.5464,25.38,87,30,9.64
46,Bonnyville,CA,2021-05-26 02:30:24,54.2668,-110.735,54.72,57,86,5.55
47,Camopi,GF,2021-05-26 02:30:25,3.1655,-52.3158,72.93,99,82,1.97
48,Lakheri,IN,2021-05-26 02:30:25,25.6667,76.1667,95.61,24,63,14.47
49,Yulara,AU,2021-05-26 02:30:25,-25.2406,130.9889,58.84,41,100,14.97
50,Cape Town,ZA,2021-05-26 02:30:26,-33.9258,18.4232,58.87,77,75,6.2
51,Avera,US,2021-05-26 02:30:26,33.194,-82.5271,81.54,50,100,6.55
52,Severo-Kurilsk,RU,2021-05-26 02:30:27,50.6789,156.125,37.9,98,100,14.0
53,Jutai,BR,2021-05-26 02:30:27,-5.1833,-68.9,72.7,94,66,1.81
54,Saint-Philippe,RE,2021-05-26 02:30:28,-21.3585,55.7679,72.95,85,45,8.48
55,Eureka,US,2021-05-26 02:28:47,40.8021,-124.1637,61.66,82,2,11.01
56,Taltal,CL,2021-05-26 02:30:28,-25.4,-70.4833,66.2,58,95,1.16
57,Kruisfontein,ZA,2021-05-26 02:25:54,-34.0033,24.7314,56.73,91,89,5.06
58,Bethel,US,2021-05-26 02:30:29,41.3712,-73.414,66.42,79,1,0.0
59,Bengkulu,ID,2021-05-26 02:30:29,-3.8004,102.2655,85.55,66,98,2.3
60,Ribeira Grande,PT,2021-05-26 02:30:29,38.5167,-28.7,64.17,96,100,18.1
61,Bolshaya Glushitsa,RU,2021-05-26 02:30:30,50.2406,43.5908,58.05,77,3,9.15
62,Jamestown,US,2021-05-26 02:28:33,42.097,-79.2353,77.07,66,1,5.01
63,Arraial Do Cabo,BR,2021-05-26 02:30:30,-22.9661,-42.0278,68.43,63,43,5.06
64,Beloha,MG,2021-05-26 02:30:31,-25.1667,45.05,60.19,83,6,5.82
65,Kangaatsiaq,GL,2021-05-26 02:30:31,68.3065,-53.4641,30.65,61,39,3.94
66,Kerman,IR,2021-05-26 02:30:31,30.2832,57.0788,66.06,27,20,3.91
67,Maragheh,IR,2021-05-26 02:30:32,37.3917,46.2398,50.27,71,0,1.45
68,Cururupu,BR,2021-05-26 02:30:22,-1.8283,-44.8683,76.03,91,10,3.51
69,Saldanha,ZA,2021-05-26 02:25:36,-33.0117,17.9442,48.25,83,34,1.39
70,Buea,CM,2021-05-26 02:30:33,4.1527,9.241,66.97,92,99,2.66
71,Svetlogorsk,BY,2021-05-26 02:30:33,52.6333,29.7333,56.95,89,95,12.59
72,Nikolskoye,RU,2021-05-26 02:30:33,59.7035,30.7861,48.09,84,93,8.55
73,Castro,BR,2021-05-26 02:30:34,-24.7911,-50.0119,49.46,51,39,0.72
74,New Norfolk,AU,2021-05-26 02:30:34,-42.7826,147.0587,54.91,54,100,8.01
75,Sobolevo,RU,2021-05-26 02:30:35,54.4299,31.8996,55.45,82,99,9.44
76,Souillac,MU,2021-05-26 02:30:35,-20.5167,57.5167,70.36,94,40,7.76
77,Shahrud,IR,2021-05-26 02:30:35,36.4182,54.9763,71.67,37,39,9.15
78,Obo,CF,2021-05-26 02:30:36,5.3998,26.4869,68.47,93,86,3.8
79,Yining,CN,2021-05-26 02:30:36,29.0361,114.5636,76.59,87,100,4.07
80,Bambous Virieux,MU,2021-05-26 02:30:37,-20.3428,57.7575,70.21,94,40,8.01
81,Muncar,ID,2021-05-26 02:30:37,-8.4333,114.3333,84.67,70,33,7.83
82,Thompson,CA,2021-05-26 02:30:04,55.7435,-97.8558,26.76,74,90,9.22
83,Nome,US,2021-05-26 02:30:37,64.5011,-165.4064,68.11,27,1,9.22
84,Taoudenni,ML,2021-05-26 02:30:38,22.6783,-3.9836,94.28,20,100,18.97
85,Hermanus,ZA,2021-05-26 02:30:38,-34.4187,19.2345,57.9,67,99,5.79
86,Darnah,LY,2021-05-26 02:30:39,32.767,22.6367,72.7,52,1,11.18
87,Bonthe,SL,2021-05-26 02:30:40,7.5264,-12.505,77.16,91,100,5.21
88,Itanagar,IN,2021-05-26 02:30:40,27.1,93.6167,83.93,68,77,2.86
89,Hami,CN,2021-05-26 02:30:41,42.8,93.45,82.78,11,0,4.5
90,Sorland,NO,2021-05-26 02:30:41,67.667,12.6934,43.34,76,0,21.99
91,Yima,CN,2021-05-26 02:28:24,34.7381,111.8839,78.57,39,85,17.78
92,Dhidhdhoo,MV,2021-05-26 02:30:41,6.8833,73.1,81.63,78,100,28.9
93,Norman Wells,CA,2021-05-26 02:30:42,65.282,-126.8329,60.84,21,75,14.97
94,Kijang,KR,2021-05-26 02:30:42,35.2442,129.2139,73.13,49,100,12.03
95,Portland,US,2021-05-26 02:30:42,45.5234,-122.6762,61.43,79,90,1.01
96,Acapulco,MX,2021-05-26 02:30:43,16.8634,-99.8901,85.82,54,90,6.71
97,Husavik,IS,2021-05-26 02:30:43,66.0449,-17.3389,37.31,81,29,12.82
98,Nanortalik,GL,2021-05-26 02:30:44,60.1432,-45.2371,33.8,78,87,11.41
99,Kaitangata,NZ,2021-05-26 02:30:44,-46.2817,169.8464,49.93,54,82,3.8
100,Weihe,CN,2021-05-26 02:30:44,32.9952,105.3247,71.47,40,100,4.14
101,San Patricio,US,2021-05-26 02:30:45,28.017,-97.5169,80.69,87,8,12.19
102,Barrow,US,2021-05-26 02:30:45,71.2906,-156.7887,26.62,86,90,5.75
103,Turukhansk,RU,2021-05-26 02:30:46,65.8167,87.9833,35.89,56,27,18.21
104,Vestmannaeyjar,IS,2021-05-26 02:30:46,63.4427,-20.2734,44.78,86,68,25.52
105,Vila Franca Do Campo,PT,2021-05-26 02:30:46,37.7167,-25.4333,64.81,90,100,10.87
106,Chokurdakh,RU,2021-05-26 02:30:47,70.6333,147.9167,39.51,79,93,8.93
107,Ternate,ID,2021-05-26 02:30:47,0.8,127.4,84.94,70,72,8.63
108,Sacel,RO,2021-05-26 02:30:47,47.6333,24.4333,54.64,98,100,3.29
109,Praia Da Vitoria,PT,2021-05-26 02:30:48,38.7333,-27.0667,66.45,94,75,12.84
110,Bluff,NZ,2021-05-26 02:30:48,-46.6,168.3333,49.8,51,72,1.88
111,Hualmay,PE,2021-05-26 02:30:49,-11.0964,-77.6139,64.99,89,49,3.87
112,Yarada,IN,2021-05-26 02:30:49,17.65,83.2667,88.12,40,90,13.85
113,Rio Grande,BR,2021-05-26 02:30:49,-32.035,-52.0986,54.0,84,0,8.99
114,Kutum,SD,2021-05-26 02:30:50,14.2,24.6667,75.99,35,47,6.73
115,Port Alfred,ZA,2021-05-26 02:30:50,-33.5906,26.891,62.2,88,53,10.92
116,Winona,US,2021-05-26 02:30:50,43.9666,-91.7668,76.8,38,1,7.02
117,Salgueiro,BR,2021-05-26 02:30:51,-8.0742,-39.1192,69.49,78,5,13.62
118,Hobart,AU,2021-05-26 02:26:23,-42.8794,147.3294,56.91,61,75,4.0
119,Atbasar,KZ,2021-05-26 02:30:51,51.8,68.3333,84.2,26,34,5.84
120,Talnakh,RU,2021-05-26 02:30:52,69.4865,88.3972,26.82,89,46,13.78
121,Hays,US,2021-05-26 02:30:08,30.0502,-98.0336,79.45,86,30,5.99
122,Lagoa,PT,2021-05-26 02:30:52,39.05,-27.9833,63.27,92,100,19.37
123,Yellowknife,CA,2021-05-26 02:30:05,62.456,-114.3525,47.28,33,20,3.0
124,Golden,US,2021-05-26 02:30:01,39.7555,-105.2211,70.2,41,40,5.99
125,Baturaja,ID,2021-05-26 02:30:53,-4.1333,104.1667,87.48,62,23,3.06
126,Port Blair,IN,2021-05-26 02:30:53,11.6667,92.75,84.79,81,94,21.59
127,Tuatapere,NZ,2021-05-26 02:30:54,-46.1333,167.6833,49.82,62,97,0.78
128,Goure,NE,2021-05-26 02:30:54,13.9835,10.2704,77.58,13,5,3.53
129,Katangli,RU,2021-05-26 02:30:54,51.7102,143.2326,40.62,69,100,11.72
130,Luena,AO,2021-05-26 02:30:54,-11.7833,19.9167,49.37,67,9,3.85
131,Mandalgovi,MN,2021-05-26 02:30:55,45.7625,106.2708,56.37,27,100,18.81
132,Esperance,AU,2021-05-26 02:30:55,-33.8667,121.9,60.64,62,44,9.24
133,Coahuayana,MX,2021-05-26 02:30:55,18.7333,-103.6833,75.43,78,100,0.69
134,Bredasdorp,ZA,2021-05-26 02:30:56,-34.5322,20.0403,54.72,71,86,5.14
135,Belaya Gora,RU,2021-05-26 02:30:56,68.5333,146.4167,58.01,42,92,17.65
136,Aragarcas,BR,2021-05-26 02:30:56,-15.8975,-52.2508,72.45,68,79,1.79
137,Hithadhoo,MV,2021-05-26 02:30:57,-0.6,73.0833,84.02,66,100,21.52
138,Upernavik,GL,2021-05-26 02:30:57,72.7868,-56.1549,29.84,90,64,11.61
139,Kuching,MY,2021-05-26 02:30:57,1.55,110.3333,88.02,74,20,3.44
140,Gornopravdinsk,RU,2021-05-26 02:30:58,60.05,69.9,59.43,68,100,8.03
141,Kununurra,AU,2021-05-26 02:30:58,-15.7667,128.7333,89.58,43,31,12.66
142,Iskateley,RU,2021-05-26 02:30:58,67.6803,53.1512,34.86,57,27,11.03
143,Samarai,PG,2021-05-26 02:30:59,-10.6167,150.6667,80.02,67,98,17.83
144,Katsuura,JP,2021-05-26 02:30:59,35.1333,140.3,76.23,76,100,15.64
145,Iquitos,PE,2021-05-26 02:30:59,-3.7481,-73.2472,75.24,94,75,0.0
146,Tuktoyaktuk,CA,2021-05-26 02:31:00,69.4541,-133.0374,30.2,80,75,6.91
147,Airai,TL,2021-05-26 02:31:00,-8.9266,125.4092,73.85,52,18,4.94
148,Deer Lake,CA,2021-05-26 02:31:00,49.1667,-57.4316,49.86,93,90,9.22
149,Mbandaka,CD,2021-05-26 02:31:01,0.0487,18.2603,72.46,87,75,3.18
150,Haines Junction,CA,2021-05-26 02:31:01,60.7522,-137.5108,53.55,47,100,6.91
151,Alofi,NU,2021-05-26 02:31:02,-19.0595,-169.9187,75.09,88,75,13.8
152,Chuy,UY,2021-05-26 02:31:02,-33.6971,-53.4616,47.05,81,1,5.91
153,Ilulissat,GL,2021-05-26 02:31:02,69.2167,-51.1,32.02,69,40,4.61
154,San Juan,AR,2021-05-26 02:30:48,-31.5375,-68.5364,66.72,33,0,2.48
155,Puerto Concordia,CO,2021-05-26 02:31:03,2.6221,-72.7572,71.98,99,100,0.58
156,Qasigiannguit,GL,2021-05-26 02:31:03,68.8193,-51.1922,32.25,88,100,4.97
157,Farafenni,GM,2021-05-26 02:31:03,13.5667,-15.6,76.66,63,63,8.23
158,Hamamatsu,JP,2021-05-26 02:30:10,34.7,137.7333,75.0,22,100,17.58
159,Altamira,BR,2021-05-26 02:31:04,-3.2033,-52.2064,77.23,80,92,2.15
160,Cherskiy,RU,2021-05-26 02:31:04,68.75,161.3,63.84,33,16,16.24
161,Beringovskiy,RU,2021-05-26 02:31:05,63.05,179.3167,32.45,98,100,5.86
162,Pisco,PE,2021-05-26 02:31:05,-13.7,-76.2167,64.45,94,90,2.3
163,Wanning,CN,2021-05-26 02:31:05,18.8003,110.3967,88.18,67,14,11.27
164,Richards Bay,ZA,2021-05-26 02:31:05,-28.783,32.0377,60.04,76,100,6.15
165,Isla Mujeres,MX,2021-05-26 02:31:06,21.2311,-86.731,82.45,80,100,14.23
166,Ouadda,CF,2021-05-26 02:31:06,8.0777,22.4007,69.31,84,55,1.92
167,Harer,ET,2021-05-26 02:30:27,9.3094,42.1258,55.31,90,51,3.76
168,Kashary,RU,2021-05-26 02:31:07,49.04,41.0056,59.2,77,5,7.27
169,Lompoc,US,2021-05-26 02:29:36,34.6391,-120.4579,77.38,76,20,28.99
170,Codrington,AU,2021-05-26 02:31:07,-38.2667,141.9667,55.27,63,89,18.05
171,Lavrentiya,RU,2021-05-26 02:31:08,65.5833,-171.0,38.77,80,42,9.53
172,Alexandria,EG,2021-05-26 02:26:45,31.2156,29.9553,69.76,78,0,6.91
173,Khatanga,RU,2021-05-26 02:31:08,71.9667,102.5,32.29,100,100,6.31
174,Conakry,GN,2021-05-26 02:31:08,9.538,-13.6773,80.46,78,100,13.27
175,Remontnoye,RU,2021-05-26 02:31:09,46.5614,43.6501,59.41,80,44,10.2
176,Nouadhibou,MR,2021-05-26 02:31:10,20.931,-17.0347,66.18,82,0,19.57
177,Funtua,NG,2021-05-26 02:31:10,11.5233,7.3081,75.51,60,62,9.22
178,Hofn,IS,2021-05-26 02:31:11,64.2539,-15.2082,44.29,83,99,10.07
179,Baykit,RU,2021-05-26 02:31:11,61.67,96.37,35.17,65,100,9.42
180,Mount Gambier,AU,2021-05-26 02:31:11,-37.8333,140.7667,57.11,54,75,14.97
181,Issoire,FR,2021-05-26 02:31:12,45.55,3.25,51.06,93,16,4.94
182,Sretensk,RU,2021-05-26 02:31:12,52.2453,117.7093,50.56,58,79,3.42
183,Rio Cuarto,AR,2021-05-26 02:31:12,-33.1307,-64.3499,46.83,64,26,10.71
184,Humberto De Campos,BR,2021-05-26 02:31:13,-2.5983,-43.4611,75.69,92,49,4.45
185,Slave Lake,CA,2021-05-26 02:31:14,55.2834,-114.769,57.18,18,1,13.8
186,Cidreira,BR,2021-05-26 02:31:14,-30.1811,-50.2056,55.11,75,0,10.85
187,Voh,NC,2021-05-26 02:31:14,-20.9667,164.7,75.6,45,18,10.2
188,Port Lincoln,AU,2021-05-26 02:31:15,-34.7333,135.8667,58.91,61,98,13.31
189,Berbera,SO,2021-05-26 02:31:15,10.4396,45.0143,86.72,58,84,6.33
190,Necochea,AR,2021-05-26 02:31:15,-38.5473,-58.7368,45.63,55,75,9.82
191,Talara,PE,2021-05-26 02:31:16,-4.5772,-81.2719,68.99,89,17,9.62
192,Darhan,MN,2021-05-26 02:31:16,49.4867,105.9228,59.99,45,99,10.02
193,Alice Springs,AU,2021-05-26 02:28:50,-23.7,133.8833,58.55,36,90,17.85
194,Erenhot,CN,2021-05-26 02:31:17,43.6475,111.9767,60.84,29,25,15.48
195,Ulladulla,AU,2021-05-26 02:31:17,-35.35,150.4667,67.87,44,0,10.92
196,Carnarvon,AU,2021-05-26 02:31:17,-24.8667,113.6333,69.87,37,100,12.66
197,Rorvik,NO,2021-05-26 02:31:18,64.8621,11.2373,48.02,88,59,11.52
198,Port Moresby,PG,2021-05-26 02:31:18,-9.4431,147.1797,87.22,45,40,11.5
199,Belle Fourche,US,2021-05-26 02:31:18,44.6714,-103.8522,63.25,67,41,7.31
200,Hervey Bay,AU,2021-05-26 02:31:19,-25.2986,152.8535,76.01,62,0,1.01
201,Obihiro,JP,2021-05-26 02:31:19,42.9172,143.2044,71.01,43,26,18.5
202,Mecca,SA,2021-05-26 02:31:19,21.4267,39.8261,87.58,30,76,5.06
203,Yambio,SS,2021-05-26 02:31:20,4.5721,28.3955,67.77,96,89,3.98
204,Newport,GB,2021-05-26 02:30:14,51.5877,-2.9984,46.85,89,5,6.93
205,Coro,VE,2021-05-26 02:31:20,11.4045,-69.6734,77.99,81,100,14.14
206,Mykhaylivka,UA,2021-05-26 02:31:20,47.2724,35.2224,55.67,84,85,3.62
207,Penzance,GB,2021-05-26 02:31:21,50.1186,-5.5371,49.21,93,100,9.48
208,Hambantota,LK,2021-05-26 02:31:21,6.1241,81.1185,82.74,78,75,22.5
209,Cairns,AU,2021-05-26 02:31:21,-16.9167,145.7667,76.1,77,90,8.05
210,Izyum,UA,2021-05-26 02:31:22,49.2088,37.2485,58.98,79,100,5.03
211,Mulchen,CL,2021-05-26 02:31:22,-37.7167,-72.2333,49.57,90,71,0.6
212,Klaksvik,FO,2021-05-26 02:31:22,62.2266,-6.589,47.32,89,69,17.9
213,East London,ZA,2021-05-26 02:31:24,-33.0153,27.9116,63.59,85,56,11.41
214,Anito,PH,2021-05-26 02:31:24,12.4497,125.2886,86.94,66,98,4.9
215,Georgetown,MY,2021-05-26 02:31:24,5.4112,100.3354,85.95,77,20,1.99
216,Lamu,KE,2021-05-26 02:31:25,-2.2717,40.902,77.88,78,6,16.55
217,Abu Kamal,SY,2021-05-26 02:31:25,34.4506,40.9171,78.22,31,0,15.7
218,Mar Del Plata,AR,2021-05-26 02:27:02,-38.0023,-57.5575,48.09,69,75,10.0
219,Griffith,US,2021-05-26 02:31:26,41.5284,-87.4237,74.95,71,98,1.99
220,Lorengau,PG,2021-05-26 02:31:26,-2.0226,147.2712,78.53,91,100,9.44
221,Maymyo,MM,2021-05-26 02:31:26,22.0333,96.4667,73.08,77,99,2.39
222,Maryville,US,2021-05-26 02:30:44,35.7565,-83.9705,76.57,76,59,3.85
223,Jiuquan,CN,2021-05-26 02:31:27,39.7432,98.5174,72.14,13,2,2.68
224,Bonavista,CA,2021-05-26 02:31:27,48.6499,-53.1147,46.11,91,100,21.83
225,Mahebourg,MU,2021-05-26 02:31:28,-20.4081,57.7,70.25,94,40,3.44
226,Salalah,OM,2021-05-26 02:31:28,17.0151,54.0924,80.69,78,20,2.3
227,Burnie,AU,2021-05-26 02:31:28,-41.0667,145.9167,52.68,63,84,18.59
228,Komsomolskiy,UZ,2021-05-26 02:31:29,40.4272,71.7189,74.62,37,90,2.3
229,Sokoto,NG,2021-05-26 02:31:29,13.0609,5.239,85.01,34,70,7.27
230,Labuan,MY,2021-05-26 02:27:42,5.2767,115.2417,88.16,70,20,3.44
231,Dalby,AU,2021-05-26 02:31:29,-27.1833,151.2667,70.5,42,2,9.13
232,Disna,BY,2021-05-26 02:31:30,55.568,28.1971,55.22,92,100,14.45
233,Aktau,KZ,2021-05-26 02:31:30,43.65,51.2,66.78,77,100,17.67
234,Lakselv,NO,2021-05-26 02:31:30,70.0513,24.9718,37.22,70,90,2.3
235,Constitucion,CL,2021-05-26 02:31:31,-35.3333,-72.4167,54.21,81,20,7.07
236,Teeli,RU,2021-05-26 02:31:31,51.0333,90.2333,72.37,32,61,9.01
237,Tupiza,BO,2021-05-26 02:31:31,-21.45,-65.7167,52.7,19,22,6.31
238,Anuchino,RU,2021-05-26 02:31:32,43.9622,133.0544,66.47,23,46,10.07
239,Akdepe,TM,2021-05-26 02:31:32,42.0551,59.3788,71.69,24,2,7.92
240,Egvekinot,RU,2021-05-26 02:31:32,66.3167,-179.1667,40.28,69,98,10.18
241,Biltine,TD,2021-05-26 02:31:33,14.5333,20.9167,80.02,10,58,3.78
242,Pangody,RU,2021-05-26 02:31:33,65.85,74.4859,39.52,65,100,7.36
243,Mutsu,JP,2021-05-26 02:31:34,41.2894,141.2169,66.99,55,40,10.36
244,Kavieng,PG,2021-05-26 02:31:34,-2.5744,150.7967,81.14,82,100,6.31
245,Inhambane,MZ,2021-05-26 02:31:34,-23.865,35.3833,62.1,84,8,4.43
246,Lincoln,US,2021-05-26 02:28:55,40.8,-96.667,75.38,72,92,4.0
247,Hasaki,JP,2021-05-26 02:31:35,35.7333,140.8333,79.29,58,100,9.86
248,Narsaq,GL,2021-05-26 02:31:35,60.9167,-46.05,35.82,74,75,1.63
249,Valentin Gomez Farias,MX,2021-05-26 02:31:36,28.2167,-106.5833,81.57,12,1,13.24
250,Itarema,BR,2021-05-26 02:31:36,-2.9248,-39.9167,76.33,84,86,10.13
251,Lakeside,US,2021-05-26 02:31:14,30.13,-81.7682,76.95,74,1,1.01
252,Bathsheba,BB,2021-05-26 02:31:36,13.2167,-59.5167,81.21,65,75,14.7
253,Sao Filipe,CV,2021-05-26 02:31:37,14.8961,-24.4956,73.17,76,0,7.7
254,Smithers,CA,2021-05-26 02:31:37,54.7804,-127.1743,61.12,25,20,11.5
255,Tocopilla,CL,2021-05-26 02:31:37,-22.092,-70.1979,67.89,61,99,3.65
256,Coquimbo,CL,2021-05-26 02:29:43,-29.9533,-71.3436,53.33,93,0,5.06
257,Merke,KZ,2021-05-26 02:31:38,42.8728,73.1786,76.17,39,70,3.89
258,Khor,RU,2021-05-26 02:31:38,47.8861,134.9464,56.5,63,55,5.35
259,Bilibino,RU,2021-05-26 02:31:39,68.0546,166.4372,50.18,56,100,7.99
260,Udachnyy,RU,2021-05-26 02:31:39,66.4167,112.4,53.15,48,19,8.32
261,Mackenzie,CA,2021-05-26 02:31:39,55.2999,-123.1698,41.22,93,90,8.05
262,San Quintin,MX,2021-05-26 02:31:40,30.4833,-115.95,62.2,82,39,5.5
263,Gunjur,GM,2021-05-26 02:31:40,13.2019,-16.7339,73.47,88,95,6.11
264,Dabola,GN,2021-05-26 02:31:40,10.75,-11.1167,75.6,78,100,2.71
265,Saint-Francois,FR,2021-05-26 02:31:41,46.4154,3.9054,47.64,81,0,4.61
266,Pafos,CY,2021-05-26 02:31:41,34.7667,32.4167,69.71,37,0,3.44
267,Namibe,AO,2021-05-26 02:31:41,-15.1961,12.1522,74.37,62,0,4.79
268,Madang,PG,2021-05-26 02:31:42,-5.2246,145.7966,83.91,77,99,6.35
269,Pochutla,MX,2021-05-26 02:31:42,15.7432,-96.4661,83.25,78,92,3.38
270,Lata,PT,2021-05-26 02:31:42,40.1629,-8.3327,58.82,87,99,1.43
271,Yerbogachen,RU,2021-05-26 02:31:43,61.2767,108.0108,45.01,41,99,6.04
272,Pocone,BR,2021-05-26 02:31:43,-16.2567,-56.6228,71.28,66,4,2.48
273,Pevek,RU,2021-05-26 02:31:43,69.7008,170.3133,33.4,86,100,2.95
274,Mincivan,AZ,2021-05-26 02:31:44,39.0294,46.7185,65.26,77,17,1.12
275,Ostuacan,MX,2021-05-26 02:31:44,17.4167,-93.3,75.02,84,99,2.93
276,Roma,US,2021-05-26 02:31:44,43.2128,-75.4557,75.34,64,1,0.0
277,Xai-Xai,MZ,2021-05-26 02:31:45,-25.0519,33.6442,57.99,82,25,6.62
278,Pampa,US,2021-05-26 02:31:45,35.5362,-100.9599,81.55,73,1,6.91
279,Neuquen,AR,2021-05-26 02:29:14,-38.9516,-68.0591,46.29,81,0,3.44
280,Koungou,YT,2021-05-26 02:31:46,-12.7336,45.2042,76.71,73,0,12.5
281,Karasjok,NO,2021-05-26 02:31:46,69.4719,25.5112,35.71,80,86,2.59
282,Totana,ES,2021-05-26 02:31:46,37.7688,-1.5023,63.19,92,97,6.82
283,Terrace,CA,2021-05-26 02:31:37,54.5163,-128.6035,55.31,50,75,20.71
284,Jacksonville,US,2021-05-26 02:29:17,30.3322,-81.6556,77.02,73,40,1.99
285,Iqaluit,CA,2021-05-26 02:29:49,63.7506,-68.5145,26.33,92,90,6.91
286,Totness,SR,2021-05-26 02:31:47,5.8833,-56.3167,77.7,92,96,8.97
287,Emerald,AU,2021-05-26 02:31:48,-23.5333,148.1667,78.94,44,1,5.75
288,Santa Maria,BR,2021-05-26 02:31:48,-29.6842,-53.8069,43.9,100,0,2.93
289,Binghamton,US,2021-05-26 02:30:58,42.0987,-75.918,71.69,81,75,3.0
290,Kropotkin,RU,2021-05-26 02:31:49,45.4375,40.5756,57.92,90,17,2.26
291,Bubaque,GW,2021-05-26 02:31:49,11.2833,-15.8333,78.49,75,98,7.7
292,Fortuna,US,2021-05-26 02:31:49,40.5982,-124.1573,61.2,69,20,5.99
293,Naze,JP,2021-05-26 02:31:50,28.3667,129.4833,61.72,68,100,6.38
294,Elk City,US,2021-05-26 02:31:50,35.412,-99.4043,75.42,73,1,0.0
295,Belmonte,BR,2021-05-26 02:31:50,-15.8631,-38.8828,73.9,83,11,2.71
296,Sitka,US,2021-05-26 02:31:51,57.0531,-135.33,48.09,81,75,8.05
297,Tezu,IN,2021-05-26 02:31:51,27.9167,96.1667,89.28,54,93,3.2
298,Oum Hadjer,TD,2021-05-26 02:31:52,13.2954,19.6966,80.64,10,53,9.17
299,Viedma,AR,2021-05-26 02:31:53,-40.8135,-62.9967,48.76,41,99,11.68
300,Clive,US,2021-05-26 02:31:53,41.603,-93.7241,74.41,83,90,5.99
301,Grants,US,2021-05-26 02:31:53,35.1473,-107.8514,70.03,6,1,5.75
302,Hobyo,SO,2021-05-26 02:31:54,5.3505,48.5268,78.28,81,85,20.58
303,Teseney,ER,2021-05-26 02:31:54,15.11,36.6575,87.1,14,19,4.52
304,Faanui,PF,2021-05-26 02:31:54,-16.4833,-151.75,81.01,70,11,10.22
305,Talitsa,RU,2021-05-26 02:31:55,56.8804,60.0213,55.94,86,84,9.37
306,Saint George,US,2021-05-26 02:31:30,37.1041,-113.5841,86.59,11,1,5.99
307,Raga,SS,2021-05-26 02:31:55,8.4596,25.678,75.54,69,93,3.89
308,Broome,US,2021-05-26 02:31:56,42.2506,-75.833,71.38,81,75,1.01
309,Svetlyy,RU,2021-05-26 02:31:56,54.675,20.1347,48.25,92,100,13.65
310,Ahipara,NZ,2021-05-26 02:31:56,-35.1667,173.1667,59.86,66,80,9.26
311,Ust-Kuyga,RU,2021-05-26 02:31:57,70.0167,135.6,60.57,31,0,22.97
312,Kuito,AO,2021-05-26 02:31:57,-12.3833,16.9333,48.38,68,3,2.44
313,Pekalongan,ID,2021-05-26 02:31:57,-6.8886,109.6753,92.01,68,18,8.25
314,Kaniv,UA,2021-05-26 02:31:58,49.7518,31.46,55.18,91,10,5.68
315,Aberdeen,GB,2021-05-26 02:29:18,57.1437,-2.0981,48.69,94,75,11.5
316,Cerqueira Cesar,BR,2021-05-26 02:31:58,-23.0356,-49.1661,54.68,45,41,3.27
317,Kolyvan,RU,2021-05-26 02:31:58,55.3053,82.7391,73.06,67,26,4.88
318,Wajid,SO,2021-05-26 02:31:59,3.8093,43.2471,68.49,92,13,13.09
319,Banda Aceh,ID,2021-05-26 02:31:59,5.5577,95.3222,85.3,69,97,6.11
320,Provideniya,RU,2021-05-26 02:32:00,64.3833,-173.3,46.51,57,0,15.66
321,Inongo,CD,2021-05-26 02:32:00,-1.95,18.2667,71.15,85,97,2.84
322,Vila Velha,BR,2021-05-26 02:32:00,-20.3297,-40.2925,71.55,83,90,1.01
323,Olafsvik,IS,2021-05-26 02:32:01,64.8945,-23.7142,46.29,81,96,17.54
324,Half Moon Bay,US,2021-05-26 02:32:01,37.4636,-122.4286,70.0,75,1,8.05
325,Mahajanga,MG,2021-05-26 02:32:01,-15.7167,46.3167,66.22,100,20,3.44
326,Miri,MY,2021-05-26 02:32:02,4.4148,114.0089,89.74,66,20,2.82
327,Sao Miguel Do Tapuio,BR,2021-05-26 02:32:02,-5.5036,-41.3233,70.93,78,10,5.59
328,Hwange,ZW,2021-05-26 02:32:02,-18.3693,26.5019,54.32,68,0,2.62
329,Kodiak,US,2021-05-26 02:32:03,57.79,-152.4072,62.11,34,1,5.75
330,Doka,SD,2021-05-26 02:32:03,13.5167,35.7667,83.16,16,100,3.8
331,Saint-Joseph,RE,2021-05-26 02:30:07,-21.3667,55.6167,71.96,81,19,8.34
332,Kailua,US,2021-05-26 02:32:03,21.4022,-157.7394,82.38,69,10,9.8
333,Jumla,NP,2021-05-26 02:32:04,29.2747,82.1838,67.44,41,100,1.83
334,Camacha,PT,2021-05-26 02:32:04,33.0833,-16.3333,61.56,63,75,13.8
335,Meulaboh,ID,2021-05-26 02:32:05,4.1363,96.1285,85.06,67,75,5.5
336,Bafia,CM,2021-05-26 02:32:05,4.75,11.2333,70.23,98,100,0.74
337,Tura,IN,2021-05-26 02:32:05,25.5198,90.2201,74.26,97,100,3.53
338,Arlit,NE,2021-05-26 02:32:06,18.7369,7.3853,87.51,5,0,10.13
339,Aykhal,RU,2021-05-26 02:32:06,66.0,111.5,49.71,59,15,10.02
340,Sal Rei,CV,2021-05-26 02:32:06,16.1833,-22.9167,70.36,85,0,19.01
341,Ambilobe,MG,2021-05-26 02:32:07,-13.2,49.05,65.98,90,5,3.18
342,Dongsheng,CN,2021-05-26 02:32:07,39.8161,109.9776,60.51,31,70,25.46
343,Quelimane,MZ,2021-05-26 02:32:08,-17.8786,36.8883,60.75,94,0,3.44
344,Sivas,TR,2021-05-26 02:32:08,39.7916,37.0019,47.17,61,0,2.17
345,Kirov,RU,2021-05-26 02:29:45,58.5966,49.6601,47.12,84,29,7.58
346,Felanitx,ES,2021-05-26 02:32:08,39.4696,3.1483,55.96,72,22,7.2
347,Salinopolis,BR,2021-05-26 02:32:09,-0.6136,-47.3561,79.88,84,19,11.14
348,Le Vauclin,MQ,2021-05-26 02:32:09,14.5452,-60.8388,80.65,69,75,15.84
349,Aswan,EG,2021-05-26 02:32:09,24.0934,32.907,80.08,20,0,7.65
350,Goya,AR,2021-05-26 02:30:18,-29.14,-59.2626,52.75,74,0,4.34
351,Nardaran,AZ,2021-05-26 02:32:10,40.5561,50.0056,64.04,77,20,25.9
352,Mamallapuram,IN,2021-05-26 02:32:10,12.6264,80.1722,84.25,57,93,14.25
353,Usinsk,RU,2021-05-26 02:32:11,65.9939,57.5281,34.39,65,100,17.92
354,Qaqortoq,GL,2021-05-26 02:32:11,60.7167,-46.0333,36.1,70,71,5.37
355,Havre-Saint-Pierre,CA,2021-05-26 02:32:11,50.2334,-63.5986,45.19,100,75,8.05
356,Fort Morgan,US,2021-05-26 02:32:12,40.2503,-103.8,67.42,39,1,6.91
357,Bang Len,TH,2021-05-26 02:32:12,14.0219,100.1718,90.01,60,100,8.99
358,Turayf,SA,2021-05-26 02:32:12,31.6725,38.6637,66.45,42,0,9.22
359,Saskylakh,RU,2021-05-26 02:32:13,71.9167,114.0833,48.15,80,99,6.44
360,Puqi,CN,2021-05-26 02:32:14,29.7167,113.8833,64.38,99,100,4.54
361,Sao Joao Da Barra,BR,2021-05-26 02:32:14,-21.6403,-41.0511,67.15,71,62,2.53
362,Cabo San Lucas,MX,2021-05-26 02:32:15,22.8909,-109.9124,86.5,32,20,0.0
363,Warora,IN,2021-05-26 02:32:16,20.2333,79.0,98.15,19,43,14.83
364,Henties Bay,NA,2021-05-26 02:32:16,-22.116,14.2845,63.39,77,0,7.29
365,Mount Pleasant,US,2021-05-26 02:32:16,32.7941,-79.8626,75.34,75,75,3.0
366,Taybad,IR,2021-05-26 02:32:16,34.74,60.7756,80.4,14,62,6.85
367,Kotelnikovo,RU,2021-05-26 02:32:17,47.6317,43.1461,61.72,73,24,12.77
368,Zaragoza,ES,2021-05-26 02:32:17,41.6561,-0.8773,57.02,65,0,7.0
369,Vanavara,RU,2021-05-26 02:32:18,60.34,102.2797,37.67,54,100,6.11
370,Eydhafushi,MV,2021-05-26 02:32:18,5.1033,73.0708,84.02,74,98,22.97
371,Korla,CN,2021-05-26 02:32:18,41.7597,86.1469,82.92,13,0,8.12
372,Pucara,PE,2021-05-26 02:32:19,-15.9803,-71.4606,31.01,86,100,3.94
373,Havelock,US,2021-05-26 02:32:19,34.8791,-76.9013,76.95,91,68,1.99
374,Nelson Bay,AU,2021-05-26 02:32:19,-32.7167,152.15,74.28,58,22,3.0
375,Coihaique,CL,2021-05-26 02:32:20,-45.5752,-72.0662,33.75,100,90,2.3
376,Katherine,AU,2021-05-26 02:32:20,-14.4667,132.2667,86.32,37,0,17.16
377,Luderitz,NA,2021-05-26 02:32:20,-26.6481,15.1594,60.4,76,0,14.38
378,Les Cayes,HT,2021-05-26 02:32:21,18.2,-73.75,78.85,83,72,4.38
379,Nikel,RU,2021-05-26 02:32:21,69.4128,30.222,35.78,76,33,5.53
380,Lollar,DE,2021-05-26 02:32:21,50.6465,8.705,48.74,92,100,8.43
381,Plettenberg Bay,ZA,2021-05-26 02:32:22,-34.0527,23.3716,56.91,82,85,5.1
382,Mount Isa,AU,2021-05-26 02:28:12,-20.7333,139.5,80.37,34,9,9.22
383,Pittsburg,US,2021-05-26 02:32:22,38.028,-121.8847,76.95,52,1,5.01
384,Victoria,HK,2021-05-26 02:31:07,22.2855,114.1577,90.03,80,19,1.01
385,Lebu,CL,2021-05-26 02:32:23,-37.6167,-73.65,53.64,90,99,4.68
386,Kiunga,PG,2021-05-26 02:32:23,-6.1219,141.2906,81.9,74,88,4.54
387,Iranshahr,IR,2021-05-26 02:32:23,27.2025,60.6848,82.74,24,0,4.61
388,Mudgee,AU,2021-05-26 02:32:24,-32.5943,149.5871,62.78,48,17,14.97
389,Shache,CN,2021-05-26 02:32:24,38.4167,77.2406,76.23,14,100,3.85
390,Guadalupe Victoria,MX,2021-05-26 02:32:25,32.2869,-115.105,94.28,14,68,13.47
391,Xuddur,SO,2021-05-26 02:32:25,4.1213,43.8894,67.14,92,11,9.95
392,Steinbach,DE,2021-05-26 02:32:25,50.1667,8.5667,49.6,87,75,6.15
393,Maarianhamina,AX,2021-05-26 02:32:26,60.0973,19.9348,51.66,76,100,12.66
394,Ugoofaaru,MV,2021-05-26 02:32:26,5.6667,73.0,83.52,74,100,23.87
395,Ocosingo,MX,2021-05-26 02:32:26,17.0667,-92.25,64.13,96,100,2.68
396,Dubti,ET,2021-05-26 02:32:27,11.7361,41.0853,86.88,35,46,7.09
397,Krasnoarmeyskiy,RU,2021-05-26 02:32:31,47.0114,42.2072,60.28,87,51,6.31
398,Luganville,VU,2021-05-26 02:32:32,-15.5333,167.1667,77.61,52,94,6.93
399,San Jose,US,2021-05-26 02:29:45,37.3394,-121.895,71.11,54,20,1.01
400,Takoradi,GH,2021-05-26 02:32:32,4.8845,-1.7554,79.2,86,100,5.84
401,Sinnamary,GF,2021-05-26 02:32:33,5.3833,-52.95,78.33,90,99,6.44
402,Longyearbyen,SJ,2021-05-26 02:32:33,78.2186,15.6401,30.04,74,75,16.11
403,Siguiri,GN,2021-05-26 02:32:33,11.6667,-9.5,83.73,54,100,3.22
404,Mahon,ES,2021-05-26 02:32:34,39.8885,4.2658,54.16,82,0,3.44
405,Jalu,LY,2021-05-26 02:32:34,29.0331,21.5482,78.46,13,0,5.59
406,Celestun,MX,2021-05-26 02:32:34,20.8667,-90.4,82.33,69,90,12.68
407,Sao Gabriel Da Cachoeira,BR,2021-05-26 02:32:35,-0.1303,-67.0892,73.15,99,100,1.68
408,Kupang,ID,2021-05-26 02:32:35,-10.1667,123.5833,88.38,62,40,17.27
409,Kahului,US,2021-05-26 02:31:46,20.8947,-156.47,86.02,72,40,17.27
410,Geraldton,AU,2021-05-26 02:32:35,-28.7667,114.6,65.12,45,100,18.41
411,Cabadiangan,PH,2021-05-26 02:32:36,9.7531,122.4739,86.02,70,87,4.21
412,Khanpur,PK,2021-05-26 02:31:28,28.6453,70.6567,95.9,29,0,6.02
413,Chunoyar,RU,2021-05-26 02:32:36,57.4467,97.3217,51.26,34,10,9.69
414,Verkhnyaya Inta,RU,2021-05-26 02:32:37,65.9811,60.3094,36.34,62,100,13.58
415,Huilong,CN,2021-05-26 02:32:37,31.8111,121.655,72.03,86,100,21.85
416,Nicoya,CR,2021-05-26 02:32:38,10.1483,-85.452,81.95,81,100,5.37
417,Tromso,NO,2021-05-26 02:32:38,69.6496,18.957,39.22,70,40,11.5
418,Antofagasta,CL,2021-05-26 02:32:38,-23.65,-70.4,58.28,68,90,5.44
419,Santa Marinella,IT,2021-05-26 02:32:39,42.0345,11.8536,59.58,53,62,3.65
420,Serebryanyy Bor,RU,2021-05-26 02:32:39,56.8,124.8,36.7,100,100,1.7
421,Lunen,DE,2021-05-26 02:32:39,51.6167,7.5167,48.74,87,75,5.01
422,Chabahar,IR,2021-05-26 02:32:40,25.2919,60.643,86.94,76,0,7.09
423,Chicama,PE,2021-05-26 02:32:40,-7.8447,-79.1469,64.94,86,40,5.93
424,Kenai,US,2021-05-26 02:32:40,60.5544,-151.2583,67.03,46,1,11.5
425,Pangai,TO,2021-05-26 02:32:41,-19.8,-174.35,73.51,78,90,4.61
426,Clearwater,US,2021-05-26 02:30:01,27.9659,-82.8001,78.78,80,1,3.0
427,Hutchinson,US,2021-05-26 02:28:05,38.0608,-97.9298,72.73,80,1,4.61
428,Anan,JP,2021-05-26 02:32:41,33.9167,134.65,71.28,64,100,9.19
429,Salym,RU,2021-05-26 02:32:42,60.0625,71.4789,58.78,63,97,8.99
430,Shaunavon,CA,2021-05-26 02:32:42,49.6501,-108.4181,49.78,85,100,9.51
431,Iwaki,JP,2021-05-26 02:32:42,37.05,140.8833,72.01,44,93,3.0
432,Provost,CA,2021-05-26 02:32:43,52.3501,-110.2683,48.65,65,100,6.51
433,Seddon,AU,2021-05-26 02:32:43,-37.8068,144.8916,58.68,69,75,11.01
434,Luohe,CN,2021-05-26 02:32:43,33.5717,114.0353,79.81,46,98,13.4
435,Grand Gaube,MU,2021-05-26 02:32:44,-20.0064,57.6608,70.38,81,4,4.0
436,Petropavlovsk-Kamchatskiy,RU,2021-05-26 02:31:42,53.0452,158.6483,48.79,62,40,12.66
437,Vinh,VN,2021-05-26 02:32:44,18.6667,105.6667,85.08,75,93,3.85
438,Tutoia,BR,2021-05-26 02:32:45,-2.7619,-42.2744,78.55,86,47,8.28
439,Girne,CY,2021-05-26 02:32:45,35.3417,33.3167,71.15,54,0,3.65
440,Marmaris,TR,2021-05-26 02:32:45,36.855,28.2742,71.11,62,0,4.12
441,Tsuruga,JP,2021-05-26 02:32:46,35.6455,136.0558,69.96,53,100,3.09
442,Ekhabi,RU,2021-05-26 02:32:46,53.5102,142.9671,41.81,68,100,10.0
443,Ossora,RU,2021-05-26 02:32:46,59.2353,163.0719,35.74,99,100,7.02
444,Linxia,CN,2021-05-26 02:32:47,35.6003,103.2064,66.83,28,68,3.42
445,High Level,CA,2021-05-26 02:32:47,58.5169,-117.136,53.71,26,75,5.88
446,Bougouni,ML,2021-05-26 02:32:47,11.417,-7.479,82.67,50,100,2.26
447,Nuuk,GL,2021-05-26 02:32:48,64.1835,-51.7216,32.88,86,40,16.11
448,Sisimiut,GL,2021-05-26 02:31:07,66.9395,-53.6735,29.64,70,10,8.28
449,Umea,SE,2021-05-26 02:32:48,63.8284,20.2597,40.93,81,0,5.75
450,Menongue,AO,2021-05-26 02:29:16,-14.6585,17.691,49.42,69,0,4.27
451,Adolfo Lopez Mateos,MX,2021-05-26 02:32:49,28.4667,-107.3,68.94,17,0,15.64
452,Yelizavetinskaya,RU,2021-05-26 02:32:49,45.0445,38.7958,56.95,93,1,1.68
453,Mosquera,CO,2021-05-26 02:32:49,4.7059,-74.2302,53.69,87,75,11.5
454,Sept-Iles,CA,2021-05-26 02:32:50,50.2001,-66.3821,49.24,92,75,1.01
455,Portel,BR,2021-05-26 02:32:50,-1.9356,-50.8211,76.3,87,41,2.71
456,Noumea,NC,2021-05-26 02:31:51,-22.2763,166.4572,75.99,99,46,8.93
457,Mamit,IN,2021-05-26 02:32:51,23.9333,92.4833,81.43,74,75,1.52
458,Melita,CA,2021-05-26 02:30:04,49.2681,-100.9967,46.18,71,92,15.26
459,Cumbum,IN,2021-05-26 02:31:55,9.7333,77.3,75.43,85,100,6.76
460,Sekoma,BW,2021-05-26 02:32:52,-24.4,23.8833,51.71,48,89,5.53
461,Malaya Serdoba,RU,2021-05-26 02:32:52,52.4661,44.9512,55.13,78,72,7.4
462,San Pedro,PH,2021-05-26 02:32:52,14.35,121.0167,91.31,61,75,4.0
463,Zhigansk,RU,2021-05-26 02:32:53,66.7697,123.3711,56.82,50,100,3.71
464,Samana,DO,2021-05-26 02:32:53,19.2056,-69.3369,76.62,90,70,8.19
465,Puerto Baquerizo Moreno,EC,2021-05-26 02:32:54,-0.9,-89.6,73.89,79,10,9.42
466,Auki,SB,2021-05-26 02:32:54,-8.7676,160.7034,83.98,69,100,8.88
467,Kinablangan,PH,2021-05-26 02:32:54,7.6947,126.5503,82.54,73,100,1.88
468,Lahij,YE,2021-05-26 02:32:55,13.1667,44.5833,79.05,70,85,3.74
469,Najran,SA,2021-05-26 02:32:55,17.4924,44.1277,75.85,31,4,4.63
470,Thinadhoo,MV,2021-05-26 02:32:55,0.5333,72.9333,84.31,66,98,22.01
471,Beli Potok,RS,2021-05-26 02:32:56,44.7061,20.5197,53.78,81,91,4.36
472,Tilichiki,RU,2021-05-26 02:32:56,60.4667,166.1,42.67,64,100,14.52
473,Tautira,PF,2021-05-26 02:32:57,-17.7333,-149.15,82.0,74,75,6.62
474,Nueva Loja,EC,2021-05-26 02:32:57,0.0847,-76.8828,70.2,95,94,1.41
475,Cuauhtemoc,MX,2021-05-26 02:32:57,28.4167,-106.8667,69.73,13,1,18.1
476,Pitimbu,BR,2021-05-26 02:32:58,-7.4706,-34.8086,75.79,83,18,10.94
477,North Bend,US,2021-05-26 02:32:58,43.4065,-124.2243,59.99,82,90,8.05
478,Chopda,IN,2021-05-26 02:32:58,21.25,75.3,86.54,59,84,19.26
479,Kavaratti,IN,2021-05-26 02:32:59,10.5669,72.642,83.59,74,100,17.52
480,Jawhar,SO,2021-05-26 02:32:59,2.7809,45.5005,73.08,83,5,7.18
481,Ylivieska,FI,2021-05-26 02:32:59,64.0833,24.55,44.31,89,17,4.61
482,Ovsyanka,RU,2021-05-26 02:33:00,55.9575,92.5519,54.57,56,88,9.31
483,Altay,CN,2021-05-26 02:33:00,47.8667,88.1167,75.7,20,2,3.74
484,Te Anau,NZ,2021-05-26 02:33:00,-45.4167,167.7167,52.72,62,67,2.82
485,Ixtapa,MX,2021-05-26 02:33:01,20.7,-105.2,79.83,83,1,5.75
486,Miedzyrzec Podlaski,PL,2021-05-26 02:33:01,51.9864,22.7825,46.69,94,100,11.12
487,Yamada,JP,2021-05-26 02:29:10,39.4667,141.95,63.91,51,6,6.06
488,Cap Malheureux,MU,2021-05-26 02:33:02,-19.9842,57.6142,70.47,81,4,4.0
489,San Carlos De Bariloche,AR,2021-05-26 02:33:02,-41.1456,-71.3082,49.44,73,75,13.24
490,Kushmurun,KZ,2021-05-26 02:33:02,52.4503,64.6311,80.44,34,82,9.66
491,Whithorn,JM,2021-05-26 02:33:03,18.2604,-78.0378,78.06,93,4,5.21
492,Coihueco,CL,2021-05-26 02:33:03,-36.6167,-71.8333,45.34,100,40,2.91
493,Shenjiamen,CN,2021-05-26 02:33:03,29.9576,122.298,68.5,94,99,13.24
494,Pleasanton,US,2021-05-26 02:33:04,37.6624,-121.8747,70.43,66,1,9.22
495,Muli,MV,2021-05-26 02:33:04,2.9167,73.5667,84.02,76,85,23.06
496,Karoi,ZW,2021-05-26 02:33:04,-16.8099,29.6925,48.11,64,0,3.58
497,Padang,ID,2021-05-26 02:33:05,-0.9492,100.3543,84.25,66,86,2.48
498,Teya,RU,2021-05-26 02:33:05,60.3778,92.6267,40.98,39,12,11.1
499,Vigeland,NO,2021-05-26 02:33:05,58.0844,7.305,53.06,75,100,17.38
500,Maine-Soroa,NE,2021-05-26 02:33:06,13.2114,12.0241,84.92,10,58,6.87
501,Cockburn Town,TC,2021-05-26 02:33:06,21.4612,-71.1419,79.29,79,10,19.55
502,Dhangadhi,NP,2021-05-26 02:33:06,28.7079,80.5961,90.07,41,55,5.35
503,Faya,SA,2021-05-26 02:33:07,18.3851,42.4509,66.31,37,14,4.47
504,Karratha,AU,2021-05-26 02:33:07,-20.7377,116.8463,77.49,41,24,21.45
505,Sokoni,TZ,2021-05-26 02:33:07,-6.4333,39.55,76.86,69,90,17.56
506,Thohoyandou,ZA,2021-05-26 02:33:08,-22.9456,30.485,54.18,64,32,3.56
507,Sangar,RU,2021-05-26 02:33:08,63.9242,127.4739,63.27,44,55,2.13
508,Vryburg,ZA,2021-05-26 02:33:09,-26.9566,24.7284,46.45,68,4,1.43
509,Taungdwingyi,MM,2021-05-26 02:33:09,20.0167,95.55,79.29,80,100,14.09
510,Mahibadhoo,MV,2021-05-26 02:33:09,3.7833,72.9667,84.0,77,100,22.32
511,Malakal,SS,2021-05-26 02:33:09,9.5334,31.6605,81.84,59,28,5.32
512,Nakamura,JP,2021-05-26 02:33:10,32.9833,132.9333,73.92,41,100,2.01
513,Fare,PF,2021-05-26 02:33:10,-16.7,-151.0167,80.78,71,49,9.86
514,Ardahan,TR,2021-05-26 02:33:10,41.1087,42.7022,40.32,87,3,2.21
515,Atasu,KZ,2021-05-26 02:33:11,48.6814,71.6433,81.25,29,0,8.86
516,Tevriz,RU,2021-05-26 02:33:11,57.509,72.4042,65.37,61,65,8.66
517,Moa,CU,2021-05-26 02:33:12,20.6569,-74.9403,78.28,85,83,14.0
518,Douglas,US,2021-05-26 02:33:12,41.3,-96.167,79.9,40,1,6.71
519,West Bay,KY,2021-05-26 02:33:12,19.3667,-81.4167,82.47,85,20,1.01
520,Ancud,CL,2021-05-26 02:33:13,-41.8697,-73.8203,54.93,93,100,12.28
521,Baikunthpur,IN,2021-05-26 02:33:13,23.25,82.55,78.24,73,100,14.34
522,Naron,ES,2021-05-26 02:33:13,43.5167,-8.1528,54.01,84,78,6.64
523,Sola,VU,2021-05-26 02:33:14,-13.8833,167.55,77.47,59,88,15.55
524,Iseyin,NG,2021-05-26 02:33:14,7.9667,3.6,73.13,97,66,4.92
525,Malangali,TZ,2021-05-26 02:33:14,-8.5667,34.85,53.06,81,37,8.88
526,Srandakan,ID,2021-05-26 02:33:15,-7.9386,110.2506,85.66,66,27,5.79
527,Maumere,ID,2021-05-26 02:33:15,-8.6199,122.2111,84.36,66,15,0.98
528,San Roque,ES,2021-05-26 02:33:15,36.2107,-5.3842,65.21,88,75,17.27
529,Takehara,JP,2021-05-26 02:33:16,34.3383,132.9167,68.38,72,90,7.54
530,Cabedelo,BR,2021-05-26 02:33:16,-6.9811,-34.8339,75.87,84,28,11.07
531,Sambava,MG,2021-05-26 02:33:16,-14.2667,50.1667,67.55,80,26,5.75
532,Gewane,ET,2021-05-26 02:33:17,10.1664,40.6453,80.24,32,86,5.39
533,Dakar,SN,2021-05-26 02:31:24,14.6937,-17.4441,70.68,84,12,7.34
534,Guerrero Negro,MX,2021-05-26 02:33:17,27.9769,-114.0611,62.35,84,100,13.98
535,Susangerd,IR,2021-05-26 02:33:18,31.5608,48.1831,77.02,20,0,6.55
536,Sao Felix Do Xingu,BR,2021-05-26 02:33:10,-6.6447,-51.995,70.16,86,22,1.54
537,Kulhudhuffushi,MV,2021-05-26 02:33:18,6.6221,73.07,82.49,74,100,27.51
538,Gaya,IN,2021-05-26 02:33:18,24.7833,85.0,78.71,94,90,5.75
539,Guangyuan,CN,2021-05-26 02:33:19,32.442,105.823,75.54,52,100,2.37
540,Paamiut,GL,2021-05-26 02:33:19,61.994,-49.6678,35.51,69,81,8.97
541,Khandbari,NP,2021-05-26 02:33:19,27.3747,87.2039,74.93,79,96,3.94
542,Bac Lieu,VN,2021-05-26 02:33:20,9.285,105.7244,77.95,89,100,15.14
543,Magadan,RU,2021-05-26 02:33:20,59.5667,150.8,38.64,81,100,2.84
544,Bila Tserkva,UA,2021-05-26 02:33:21,49.8094,30.1121,54.5,92,91,6.4
545,Kizlyar,RU,2021-05-26 02:33:21,43.8469,46.715,59.2,93,100,14.14
546,Struthers,US,2021-05-26 02:33:21,41.0526,-80.6078,75.88,65,1,6.11
547,Lagoa Vermelha,BR,2021-05-26 02:33:22,-28.2086,-51.5258,43.14,73,0,2.33
548,Humboldt,US,2021-05-26 02:33:22,40.6665,-123.9178,52.68,88,6,5.88
549,Yar-Sale,RU,2021-05-26 02:33:22,66.8333,70.8333,39.4,61,98,7.9
550,Usak,TR,2021-05-26 02:33:23,38.5,29.4167,59.67,42,0,5.26
551,Iracoubo,GF,2021-05-26 02:33:23,5.4802,-53.2011,78.08,90,83,6.26
552,Kisangani,CD,2021-05-26 02:33:23,0.5167,25.2,70.43,90,53,1.16
553,Namatanai,PG,2021-05-26 02:33:24,-3.6667,152.4333,80.06,85,100,5.48
554,Tyukalinsk,RU,2021-05-26 02:33:24,55.8732,72.1967,73.49,61,45,9.66
555,Arman,RU,2021-05-26 02:33:24,59.7,150.1667,39.06,76,100,5.19
556,Waingapu,ID,2021-05-26 02:33:25,-9.6567,120.2641,85.15,65,39,13.27
557,Sao Teotonio,PT,2021-05-26 02:33:25,37.5128,-8.7071,55.69,78,90,2.71
558,Severodvinsk,RU,2021-05-26 02:33:26,64.5635,39.8302,35.71,68,18,7.85
559,Verkhoyansk,RU,2021-05-26 02:33:26,67.5447,133.385,64.31,20,63,7.85
560,The Valley,AI,2021-05-26 02:31:00,18.217,-63.0578,81.1,75,50,17.16
561,Durban,ZA,2021-05-26 02:29:10,-29.8579,31.0292,63.01,82,100,1.01
562,Camiri,BO,2021-05-26 02:33:27,-20.05,-63.5167,56.14,81,16,2.51
563,Mayo,US,2021-05-26 02:29:09,38.8876,-76.5119,73.11,90,1,7.0
564,Hatillo,PR,2021-05-26 02:33:27,18.4863,-66.8254,81.9,82,20,12.88
565,Fort Nelson,CA,2021-05-26 02:30:03,58.8053,-122.7002,51.39,28,75,8.05
